<launch>
  <arg name="camera"                          default="camera"/>
  <arg name="publish_tf"                      default="false"/>
  <arg name="depth_registration"              default="false"/>
  <arg name="rgb_processing"                  default="true" />
  <arg name="ir_processing"                   default="false"/>
  <arg name="depth_processing"                default="false"/>
  <arg name="depth_registered_processing"     default="false"/>
  <arg name="disparity_processing"            default="false"/>
  <arg name="disparity_registered_processing" default="false"/>
  <arg name="num_worker_threads"              default="4" />

  <include file="$(find openni_launch)/launch/openni.launch">
    <arg name="camera"                          value="$(arg camera)"/>
    <arg name="publish_tf"                      value="$(arg publish_tf)"/>
    <arg name="num_worker_threads"              value="$(arg num_worker_threads)" />
    <arg name="depth_registration"              value="$(arg depth_registration)"/>
    <arg name="rgb_processing"                  value="$(arg rgb_processing)"/>
    <arg name="ir_processing"                   value="$(arg ir_processing)"/>
    <arg name="depth_processing"                value="$(arg depth_processing)"/>
    <arg name="depth_registered_processing"     value="$(arg depth_registered_processing)"/>
    <arg name="disparity_processing"            value="$(arg disparity_processing)"/>
    <arg name="disparity_registered_processing" value="$(arg disparity_registered_processing)"/>
  </include>
</launch>
