<launch>
  <arg name="global_frame"  default="map"/>
  <arg name="odom_frame"    default="odom"/> 
  <arg name="base_frame"    default="base_footprint"/>

  <arg name="use_map_topic" default="true"/>
  <arg name="scan_topic"    default="scan"/>
  <arg name="initialpose_topic" default="initialpose"/>
  <arg name="map_topic"      default="map"/>
  <arg name="initial_pose_x" default="0.0"/>
  <arg name="initial_pose_y" default="0.0"/>
  <arg name="initial_pose_a" default="0.0"/>

  <node pkg="amcl" type="amcl" name="amcl">
    <remap from="scan" to="$(arg scan_topic)"/>
    <remap from="initialpose" to="$(arg initialpose_topic)"/>
    <remap from="map"         to="$(arg map_topic)"/>

    <param name="use_map_topic" value="$(arg use_map_topic)"/>
    <!-- Publish scans from best pose at a max of 10 Hz -->
    <param name="odom_model_type" value="diff"/>
    <param name="odom_alpha5" value="0.1"/>
    <param name="gui_publish_rate" value="10.0"/>
    <param name="laser_max_beams" value="60"/>
    <param name="laser_max_range" value="12.0"/>
    <param name="min_particles" value="500"/>
    <param name="max_particles" value="2000"/>
    <param name="kld_err" value="0.05"/>
    <param name="kld_z" value="0.99"/>
    <param name="odom_alpha1" value="0.2"/>
    <param name="odom_alpha2" value="0.2"/>
    <!-- translation std dev, m -->
    <param name="odom_alpha3" value="0.2"/>
    <param name="odom_alpha4" value="0.2"/>
    <param name="laser_z_hit" value="0.5"/>
    <param name="laser_z_short" value="0.05"/>
    <param name="laser_z_max" value="0.05"/>
    <param name="laser_z_rand" value="0.5"/>
    <param name="laser_sigma_hit" value="0.2"/>
    <param name="laser_lambda_short" value="0.1"/>
    <param name="laser_model_type" value="likelihood_field"/>

    <!-- <param name="laser_model_type" value="beam"/> -->
    <param name="laser_likelihood_max_dist" value="2.0"/>
    <param name="update_min_d" value="0.25"/>
    <param name="update_min_a" value="0.2"/>
    <param name="global_frame_id" value="$(arg global_frame)"/>
    <param name="odom_frame_id" value="$(arg odom_frame)"/>
    <param name="base_frame_id" value="$(arg base_frame)"/>
    <param name="resample_interval" value="1"/>
    <!-- Increase tolerance because the computer can get quite busy -->
    <param name="transform_tolerance" value="1.0"/>
    <param name="recovery_alpha_slow" value="0.0"/>
    <param name="recovery_alpha_fast" value="0.0"/>
    <param name="initial_pose_x" value="$(arg initial_pose_x)"/>
    <param name="initial_pose_y" value="$(arg initial_pose_y)"/>
    <param name="initial_pose_a" value="$(arg initial_pose_a)"/>
  </node>
</launch>
